,cluster_selection_method,hdbscan_metric,min_cluster_size,n_components,n_neighbors,topic_merge_delta,umap_metric,loss
568,eom,euclidean,20,5,40,0.05,euclidean,5.0
577,eom,euclidean,20,5,40,0.05,euclidean,7.0
576,eom,euclidean,20,5,40,0.05,euclidean,7.0
555,eom,euclidean,20,5,40,0.1,euclidean,8.0
563,eom,euclidean,20,5,40,0.1,euclidean,8.0
556,eom,euclidean,20,5,40,0.1,euclidean,9.0
537,eom,euclidean,20,5,45,0.1,euclidean,10.0
571,eom,euclidean,20,5,40,0.05,euclidean,10.0
539,eom,euclidean,20,5,45,0.1,euclidean,10.0
552,eom,euclidean,20,5,40,0.1,euclidean,10.0
544,eom,euclidean,20,5,45,0.1,euclidean,13.0
526,eom,euclidean,20,5,45,0.1,euclidean,13.0
565,eom,euclidean,20,5,40,0.1,euclidean,13.0
553,eom,euclidean,20,5,40,0.1,euclidean,13.0
569,eom,euclidean,20,5,40,0.05,euclidean,14.0
562,eom,euclidean,20,5,40,0.1,euclidean,14.0
575,eom,euclidean,20,5,40,0.05,euclidean,15.0
239,eom,euclidean,25,13,45,0.1,euclidean,16.0
223,eom,euclidean,25,20,45,0.1,euclidean,16.0
145,eom,euclidean,25,9,45,0.1,cosine,16.0
152,eom,euclidean,25,9,45,0.1,cosine,16.0
317,eom,euclidean,25,5,45,0.1,cosine,16.0
62,eom,euclidean,25,9,45,0.1,cosine,16.0
97,eom,euclidean,25,9,45,0.1,cosine,17.0
545,eom,euclidean,20,5,55,0.1,euclidean,17.0
263,eom,euclidean,25,5,45,0.1,euclidean,17.0
268,eom,euclidean,25,7,45,0.1,euclidean,17.0
422,eom,euclidean,25,17,45,0.1,cosine,18.0
404,eom,euclidean,25,7,45,0.1,cosine,18.0
202,eom,euclidean,25,5,40,0.1,cosine,18.0
94,eom,euclidean,25,9,45,0.1,cosine,18.0
401,eom,euclidean,25,9,45,0.1,cosine,19.0
447,eom,euclidean,25,20,45,0.1,cosine,19.0
414,eom,euclidean,25,5,45,0.1,cosine,19.0
403,eom,euclidean,25,9,45,0.1,cosine,20.0
266,eom,euclidean,25,13,45,0.1,euclidean,20.0
560,eom,euclidean,20,5,40,0.15,euclidean,20.0
326,eom,euclidean,25,5,45,0.1,euclidean,20.0
234,eom,euclidean,25,20,55,0.1,euclidean,21.0
93,eom,euclidean,25,9,45,0.1,cosine,21.0
407,eom,euclidean,25,5,45,0.1,cosine,21.0
330,eom,euclidean,25,5,45,0.1,cosine,21.0
182,eom,euclidean,25,9,45,0.1,cosine,21.0
338,eom,euclidean,25,13,45,0.1,cosine,21.0
196,eom,euclidean,25,13,55,0.1,cosine,21.0
477,eom,euclidean,25,17,45,0.1,cosine,21.0
89,eom,euclidean,25,9,45,0.1,cosine,22.0
87,eom,euclidean,25,9,45,0.1,cosine,22.0
91,eom,euclidean,25,9,45,0.1,cosine,22.0
402,eom,euclidean,25,13,45,0.1,cosine,22.0
147,eom,euclidean,25,9,45,0.1,cosine,22.0
444,eom,euclidean,25,13,45,0.1,euclidean,22.0
14,eom,euclidean,25,20,45,0.1,euclidean,22.0
259,eom,euclidean,25,3,45,0.1,euclidean,23.0
484,eom,euclidean,25,5,45,0.15,euclidean,24.0
372,eom,euclidean,25,5,45,0.15,euclidean,26.0
138,eom,euclidean,25,9,45,0.15,cosine,26.0
388,eom,euclidean,25,7,55,0.15,euclidean,26.0
228,eom,euclidean,25,20,45,0.15,euclidean,27.0
141,eom,euclidean,25,17,25,0.1,cosine,27.0
179,eom,euclidean,25,5,45,0.1,cosine,27.0
333,eom,euclidean,25,5,45,0.1,cosine,27.0
366,eom,euclidean,25,17,45,0.1,cosine,28.0
387,eom,euclidean,25,13,45,0.1,cosine,28.0
275,eom,euclidean,20,9,40,0.1,euclidean,28.0
106,eom,euclidean,25,3,40,0.1,cosine,31.0
323,eom,euclidean,25,5,55,0.1,euclidean,32.0
465,eom,euclidean,25,9,40,0.1,euclidean,33.0
216,eom,euclidean,5,3,45,0.1,cosine,33.0
492,eom,euclidean,20,17,45,0.1,euclidean,34.0
530,eom,euclidean,20,5,55,0.15,euclidean,36.0
314,eom,euclidean,20,23,40,0.1,cosine,36.0
213,eom,euclidean,20,9,45,0.15,cosine,36.0
132,eom,euclidean,25,23,45,0.05,cosine,36.0
90,eom,euclidean,25,9,45,0.1,cosine,37.0
131,eom,euclidean,20,9,45,0.1,cosine,37.0
194,eom,euclidean,20,9,45,0.1,cosine,37.0
351,eom,euclidean,25,13,45,0.1,euclidean,37.0
99,eom,euclidean,25,9,45,0.1,cosine,37.0
170,eom,euclidean,25,9,45,0.05,cosine,37.0
343,eom,euclidean,25,9,45,0.1,cosine,37.0
176,eom,euclidean,20,23,45,0.05,euclidean,38.0
551,eom,euclidean,20,5,45,0.1,euclidean,38.0
281,eom,euclidean,25,13,25,0.1,cosine,38.0
108,eom,euclidean,25,9,55,0.1,cosine,38.0
248,eom,euclidean,25,13,45,0.05,euclidean,38.0
261,eom,euclidean,25,17,45,0.1,euclidean,38.0
102,eom,euclidean,25,9,55,0.1,cosine,38.0
260,eom,euclidean,25,20,45,0.1,euclidean,38.0
96,eom,euclidean,25,9,55,0.1,cosine,38.0
160,eom,euclidean,25,13,55,0.1,cosine,38.0
535,eom,euclidean,20,3,45,0.1,euclidean,38.0
374,eom,euclidean,25,13,45,0.1,euclidean,38.0
527,eom,euclidean,20,5,45,0.1,euclidean,38.0
510,eom,euclidean,25,20,45,0.1,euclidean,38.0
383,eom,euclidean,25,20,45,0.1,cosine,38.0
413,eom,euclidean,25,9,45,0.1,cosine,38.0
305,eom,euclidean,25,3,45,0.05,cosine,38.0
427,eom,euclidean,20,9,45,0.1,cosine,39.0
423,eom,euclidean,25,13,40,0.1,cosine,39.0
436,eom,euclidean,25,17,45,0.05,euclidean,39.0
473,eom,euclidean,25,9,55,0.1,euclidean,39.0
439,eom,euclidean,25,23,45,0.15,euclidean,39.0
455,eom,euclidean,25,9,45,0.1,cosine,39.0
209,eom,euclidean,25,17,45,0.1,cosine,39.0
462,eom,euclidean,25,9,45,0.1,euclidean,39.0
206,eom,euclidean,25,9,45,0.15,cosine,39.0
472,eom,euclidean,25,13,45,0.05,cosine,39.0
425,eom,euclidean,25,23,45,0.1,cosine,39.0
219,eom,euclidean,25,9,55,0.05,cosine,39.0
481,eom,euclidean,20,20,45,0.05,euclidean,39.0
488,eom,euclidean,25,7,55,0.1,cosine,39.0
163,eom,euclidean,25,20,45,0.05,cosine,39.0
166,eom,euclidean,25,5,45,0.1,cosine,39.0
169,eom,euclidean,25,7,45,0.1,cosine,39.0
511,eom,euclidean,25,9,45,0.15,cosine,39.0
174,eom,euclidean,15,17,45,0.1,cosine,39.0
508,eom,euclidean,25,9,45,0.1,euclidean,39.0
230,eom,euclidean,25,20,45,0.1,euclidean,39.0
177,eom,euclidean,25,9,40,0.1,cosine,39.0
502,eom,euclidean,25,7,45,0.15,euclidean,39.0
500,eom,euclidean,25,9,25,0.05,euclidean,39.0
520,eom,euclidean,25,13,45,0.15,cosine,39.0
193,eom,euclidean,25,7,45,0.1,euclidean,39.0
493,eom,euclidean,25,13,40,0.15,cosine,39.0
489,eom,euclidean,25,20,45,0.1,euclidean,39.0
503,eom,euclidean,25,20,45,0.1,cosine,39.0
418,eom,euclidean,25,7,45,0.1,cosine,39.0
245,eom,euclidean,25,23,55,0.1,euclidean,39.0
416,eom,euclidean,25,13,45,0.1,cosine,39.0
303,eom,euclidean,25,9,45,0.1,cosine,39.0
324,eom,euclidean,25,13,45,0.15,euclidean,39.0
161,eom,euclidean,25,17,45,0.1,cosine,39.0
335,eom,euclidean,20,20,55,0.1,cosine,39.0
337,eom,euclidean,25,9,45,0.05,euclidean,39.0
344,eom,euclidean,25,3,45,0.1,cosine,39.0
295,eom,euclidean,25,9,55,0.1,cosine,39.0
356,eom,euclidean,25,9,45,0.15,cosine,39.0
290,eom,euclidean,25,9,45,0.1,cosine,39.0
367,eom,euclidean,25,13,40,0.1,euclidean,39.0
368,eom,euclidean,25,23,45,0.1,cosine,39.0
285,eom,euclidean,25,13,45,0.1,cosine,39.0
283,eom,euclidean,25,20,45,0.1,cosine,39.0
371,eom,euclidean,25,9,45,0.1,cosine,39.0
375,eom,euclidean,20,7,55,0.1,euclidean,39.0
379,eom,euclidean,25,13,45,0.1,cosine,39.0
276,eom,euclidean,25,20,45,0.1,euclidean,39.0
270,eom,euclidean,25,20,55,0.1,euclidean,39.0
269,eom,euclidean,25,9,45,0.1,euclidean,39.0
385,eom,euclidean,20,9,45,0.1,cosine,39.0
267,eom,euclidean,25,9,45,0.1,euclidean,39.0
528,eom,euclidean,20,13,45,0.05,euclidean,39.0
264,eom,euclidean,25,20,45,0.1,euclidean,39.0
393,eom,euclidean,25,9,40,0.1,cosine,39.0
262,eom,euclidean,25,23,45,0.1,euclidean,39.0
409,eom,euclidean,25,13,45,0.1,cosine,39.0
411,eom,euclidean,25,23,45,0.1,cosine,39.0
412,eom,euclidean,25,20,45,0.1,cosine,39.0
515,eom,euclidean,20,7,55,0.1,cosine,39.0
417,eom,euclidean,25,9,55,0.1,cosine,39.0
578,eom,euclidean,20,5,40,0.05,euclidean,39.0
258,eom,euclidean,25,13,45,0.1,euclidean,39.0
130,eom,euclidean,25,20,25,0.1,cosine,39.0
146,eom,euclidean,25,9,45,0.1,cosine,39.0
78,eom,euclidean,20,23,45,0.15,euclidean,39.0
573,eom,euclidean,20,5,40,0.05,euclidean,39.0
148,eom,euclidean,25,9,45,0.1,cosine,39.0
564,eom,euclidean,20,5,40,0.1,euclidean,39.0
85,eom,euclidean,25,9,45,0.1,euclidean,39.0
86,eom,euclidean,25,9,45,0.1,cosine,39.0
159,eom,euclidean,20,9,25,0.1,cosine,39.0
149,eom,euclidean,25,9,45,0.1,cosine,39.0
126,eom,euclidean,25,7,45,0.1,cosine,39.0
88,eom,euclidean,25,9,45,0.1,cosine,39.0
144,eom,euclidean,25,9,45,0.15,cosine,39.0
151,eom,euclidean,25,9,45,0.1,cosine,39.0
92,eom,euclidean,25,9,45,0.1,cosine,39.0
113,eom,euclidean,25,23,40,0.1,cosine,39.0
100,eom,euclidean,25,9,45,0.1,cosine,39.0
101,eom,euclidean,25,9,45,0.1,cosine,39.0
557,eom,euclidean,20,5,40,0.1,euclidean,39.0
103,eom,euclidean,25,17,45,0.1,cosine,39.0
156,eom,euclidean,25,3,45,0.1,cosine,39.0
77,eom,euclidean,15,13,40,0.1,euclidean,39.0
107,eom,euclidean,25,9,45,0.1,cosine,39.0
559,eom,euclidean,20,5,40,0.1,euclidean,39.0
109,eom,euclidean,25,17,45,0.1,cosine,39.0
112,eom,euclidean,25,9,45,0.1,cosine,39.0
457,eom,euclidean,25,3,25,0.15,euclidean,70.0
315,eom,euclidean,25,20,45,0.15,euclidean,71.0
265,eom,euclidean,25,3,45,0.1,euclidean,76.0
34,leaf,euclidean,20,3,55,0.15,euclidean,78.0
364,eom,euclidean,25,5,20,0.15,cosine,81.0
123,eom,euclidean,25,3,45,0.1,cosine,81.0
291,eom,euclidean,25,5,45,0.15,cosine,82.0
12,eom,euclidean,25,13,55,0.15,cosine,83.0
516,eom,euclidean,25,3,45,0.1,euclidean,84.0
494,eom,euclidean,25,9,45,0.1,euclidean,86.0
287,eom,euclidean,25,9,45,0.1,euclidean,87.0
419,eom,euclidean,25,20,45,0.1,cosine,88.0
272,eom,euclidean,25,9,45,0.1,euclidean,91.0
381,eom,euclidean,25,23,45,0.1,euclidean,92.0
82,eom,euclidean,25,9,45,0.1,euclidean,93.0
274,eom,euclidean,25,23,45,0.1,euclidean,94.0
257,eom,euclidean,25,13,45,0.1,euclidean,94.0
346,eom,euclidean,25,13,45,0.05,euclidean,95.0
524,eom,euclidean,25,20,45,0.1,euclidean,95.0
483,eom,euclidean,25,9,45,0.1,cosine,96.0
115,eom,euclidean,25,9,55,0.1,cosine,96.0
394,eom,euclidean,25,17,45,0.05,euclidean,97.0
429,eom,euclidean,25,3,25,0.1,cosine,97.0
464,eom,euclidean,25,13,45,0.1,cosine,99.0
307,eom,euclidean,25,7,25,0.15,cosine,99.0
405,eom,euclidean,25,20,45,0.1,cosine,99.0
479,eom,euclidean,25,13,40,0.1,cosine,99.0
188,eom,euclidean,25,23,45,0.1,cosine,100.0
469,eom,euclidean,25,9,45,0.1,cosine,100.0
150,eom,euclidean,25,9,45,0.1,cosine,100.0
300,eom,euclidean,25,9,45,0.1,cosine,101.0
415,eom,euclidean,25,3,45,0.1,cosine,101.0
237,eom,euclidean,25,5,45,0.1,euclidean,101.0
293,eom,euclidean,25,7,45,0.1,cosine,102.0
406,eom,euclidean,25,9,45,0.1,cosine,102.0
460,eom,euclidean,25,7,45,0.1,euclidean,102.0
475,eom,euclidean,25,20,20,0.15,cosine,103.0
408,eom,euclidean,25,17,45,0.1,cosine,103.0
221,eom,euclidean,25,17,25,0.15,cosine,104.0
302,eom,euclidean,25,20,40,0.1,cosine,104.0
118,eom,euclidean,25,13,45,0.1,cosine,105.0
253,eom,euclidean,5,5,45,0.1,cosine,105.0
251,eom,euclidean,25,20,40,0.1,euclidean,106.0
243,eom,euclidean,25,7,45,0.1,euclidean,107.0
431,eom,euclidean,25,9,55,0.1,euclidean,109.0
310,eom,euclidean,25,9,45,0.1,cosine,109.0
154,eom,euclidean,25,9,40,0.1,cosine,110.0
433,eom,euclidean,25,7,20,0.15,cosine,111.0
397,eom,euclidean,25,23,45,0.1,cosine,111.0
448,eom,euclidean,20,9,45,0.15,cosine,112.0
485,eom,euclidean,25,13,25,0.1,cosine,112.0
428,eom,euclidean,25,5,45,0.05,cosine,114.0
95,eom,euclidean,25,9,45,0.1,cosine,115.0
105,eom,euclidean,25,9,45,0.1,cosine,115.0
359,eom,euclidean,25,5,45,0.1,cosine,116.0
60,eom,euclidean,25,3,10,0.15,euclidean,118.0
294,eom,euclidean,25,13,25,0.1,euclidean,120.0
546,eom,euclidean,20,5,45,0.1,euclidean,120.0
376,eom,euclidean,25,20,20,0.1,cosine,120.0
567,eom,euclidean,20,5,40,0.1,euclidean,120.0
541,eom,euclidean,20,5,45,0.1,euclidean,120.0
111,eom,euclidean,25,20,20,0.1,cosine,121.0
443,eom,euclidean,25,3,25,0.1,cosine,121.0
186,eom,euclidean,25,20,45,0.1,cosine,121.0
517,eom,euclidean,25,20,20,0.1,cosine,122.0
133,eom,euclidean,25,9,15,0.15,cosine,122.0
336,eom,euclidean,25,9,20,0.1,cosine,123.0
354,eom,euclidean,25,9,40,0.1,euclidean,123.0
297,eom,euclidean,25,9,20,0.05,euclidean,124.0
153,eom,euclidean,25,9,45,0.1,cosine,126.0
410,eom,euclidean,25,9,45,0.1,cosine,126.0
241,eom,euclidean,20,13,45,0.1,euclidean,127.0
471,eom,euclidean,25,3,25,0.1,cosine,127.0
554,eom,euclidean,20,5,40,0.1,euclidean,128.0
204,eom,euclidean,20,3,45,0.05,cosine,128.0
446,eom,euclidean,25,7,20,0.05,euclidean,128.0
505,eom,euclidean,25,5,15,0.1,euclidean,128.0
231,eom,euclidean,20,20,45,0.1,euclidean,129.0
420,eom,euclidean,25,9,20,0.1,cosine,129.0
233,eom,euclidean,25,20,20,0.05,euclidean,130.0
271,eom,euclidean,25,17,20,0.1,euclidean,130.0
247,eom,euclidean,25,13,20,0.1,euclidean,130.0
437,eom,euclidean,20,13,40,0.1,cosine,131.0
361,eom,euclidean,25,9,25,0.05,cosine,131.0
572,eom,euclidean,20,5,40,0.05,euclidean,131.0
45,eom,euclidean,25,17,20,0.05,cosine,133.0
501,eom,euclidean,15,3,55,0.1,cosine,133.0
296,eom,euclidean,20,20,45,0.1,cosine,134.0
178,leaf,euclidean,25,3,10,0.15,cosine,134.0
224,eom,euclidean,25,20,15,0.1,euclidean,136.0
140,eom,euclidean,25,9,20,0.1,cosine,136.0
211,eom,euclidean,25,9,20,0.05,euclidean,136.0
98,eom,euclidean,25,9,15,0.1,cosine,137.0
449,eom,euclidean,25,5,15,0.1,euclidean,137.0
7,leaf,euclidean,25,3,5,0.15,cosine,137.0
185,eom,euclidean,20,17,20,0.15,cosine,138.0
435,eom,euclidean,25,5,15,0.1,cosine,140.0
284,eom,euclidean,20,9,20,0.15,euclidean,140.0
353,eom,euclidean,25,9,15,0.05,cosine,140.0
386,eom,euclidean,25,3,25,0.05,euclidean,140.0
191,eom,euclidean,25,3,10,0.1,cosine,140.0
321,eom,euclidean,25,5,25,0.05,cosine,141.0
249,eom,euclidean,15,13,45,0.15,euclidean,143.0
542,eom,euclidean,20,5,45,0.1,euclidean,143.0
550,eom,euclidean,20,5,15,0.15,euclidean,143.0
273,eom,euclidean,25,13,15,0.1,euclidean,144.0
200,eom,euclidean,25,23,15,0.1,cosine,144.0
120,eom,euclidean,25,20,15,0.1,cosine,145.0
187,eom,euclidean,25,9,15,0.1,euclidean,145.0
459,eom,euclidean,20,9,55,0.1,cosine,145.0
104,eom,euclidean,25,9,15,0.1,cosine,146.0
513,eom,euclidean,25,13,25,0.1,euclidean,146.0
547,eom,euclidean,20,5,45,0.1,euclidean,146.0
491,eom,euclidean,25,5,15,0.1,cosine,147.0
347,eom,euclidean,25,7,25,0.1,euclidean,148.0
529,eom,euclidean,20,9,25,0.1,euclidean,149.0
561,eom,euclidean,20,5,40,0.1,euclidean,149.0
461,eom,euclidean,25,20,20,0.1,cosine,149.0
197,eom,euclidean,25,17,20,0.05,cosine,150.0
139,eom,euclidean,20,13,55,0.1,cosine,151.0
532,eom,euclidean,20,5,45,0.1,cosine,151.0
543,eom,euclidean,20,5,25,0.1,euclidean,152.0
311,eom,euclidean,25,17,20,0.1,euclidean,153.0
35,eom,euclidean,20,9,25,0.15,euclidean,153.0
570,eom,euclidean,20,5,40,0.05,euclidean,155.0
114,eom,euclidean,15,3,45,0.1,cosine,155.0
391,leaf,euclidean,25,5,45,0.1,euclidean,155.0
470,eom,euclidean,20,5,45,0.1,euclidean,155.0
155,eom,euclidean,25,5,10,0.1,cosine,156.0
212,eom,euclidean,25,23,15,0.1,cosine,156.0
327,leaf,euclidean,25,5,45,0.1,euclidean,157.0
396,eom,euclidean,25,9,5,0.15,cosine,159.0
240,eom,euclidean,25,13,10,0.05,euclidean,159.0
377,leaf,euclidean,25,5,45,0.1,euclidean,160.0
184,leaf,euclidean,25,9,55,0.1,cosine,162.0
277,eom,euclidean,25,9,10,0.1,cosine,162.0
349,leaf,euclidean,25,9,55,0.1,cosine,162.0
29,leaf,euclidean,25,20,55,0.05,euclidean,162.0
506,leaf,euclidean,25,13,45,0.1,cosine,165.0
504,eom,euclidean,20,9,20,0.1,cosine,165.0
536,eom,euclidean,20,5,40,0.05,euclidean,165.0
450,leaf,euclidean,25,17,45,0.1,cosine,166.0
522,leaf,euclidean,25,9,45,0.1,cosine,166.0
175,eom,euclidean,25,9,15,0.1,cosine,166.0
306,leaf,euclidean,25,13,45,0.1,euclidean,167.0
498,leaf,euclidean,25,5,45,0.1,cosine,167.0
495,eom,euclidean,25,23,10,0.1,cosine,167.0
81,leaf,euclidean,25,23,45,0.1,cosine,168.0
514,leaf,euclidean,25,9,45,0.1,cosine,169.0
72,leaf,euclidean,25,3,45,0.05,euclidean,169.0
362,leaf,euclidean,25,7,45,0.1,cosine,171.0
398,leaf,euclidean,25,20,45,0.1,cosine,171.0
222,eom,euclidean,20,9,20,0.1,cosine,171.0
332,eom,euclidean,15,5,45,0.1,euclidean,171.0
331,eom,euclidean,25,5,5,0.15,cosine,172.0
203,eom,euclidean,25,9,10,0.1,cosine,172.0
363,eom,euclidean,15,20,55,0.1,euclidean,173.0
451,eom,euclidean,25,13,10,0.1,cosine,173.0
215,eom,euclidean,25,5,10,0.1,cosine,174.0
242,eom,euclidean,25,13,5,0.15,euclidean,174.0
37,leaf,euclidean,25,20,45,0.05,euclidean,175.0
480,eom,euclidean,25,9,10,0.1,cosine,175.0
458,leaf,euclidean,25,13,45,0.1,cosine,176.0
519,eom,euclidean,25,5,15,0.05,cosine,176.0
214,leaf,euclidean,25,9,40,0.1,cosine,176.0
63,eom,euclidean,20,7,10,0.15,euclidean,177.0
421,eom,euclidean,25,5,15,0.1,cosine,178.0
341,leaf,euclidean,25,23,40,0.1,cosine,178.0
445,eom,euclidean,15,9,55,0.1,cosine,178.0
226,leaf,euclidean,25,20,40,0.05,euclidean,182.0
116,eom,euclidean,25,7,10,0.1,cosine,182.0
548,eom,euclidean,20,5,20,0.05,euclidean,183.0
282,eom,euclidean,15,9,55,0.05,euclidean,186.0
467,eom,euclidean,15,17,45,0.1,cosine,187.0
165,eom,euclidean,15,9,40,0.15,cosine,188.0
59,leaf,euclidean,25,7,10,0.15,euclidean,189.0
11,eom,euclidean,20,7,10,0.15,cosine,191.0
84,eom,euclidean,15,13,45,0.1,euclidean,191.0
50,eom,euclidean,20,5,25,0.1,euclidean,192.0
456,eom,euclidean,15,5,45,0.1,cosine,192.0
158,eom,euclidean,15,9,45,0.1,cosine,193.0
167,eom,euclidean,25,3,10,0.1,cosine,194.0
312,eom,euclidean,15,13,45,0.1,cosine,195.0
137,eom,euclidean,15,7,45,0.05,cosine,198.0
316,eom,euclidean,25,9,10,0.1,cosine,199.0
365,eom,euclidean,20,9,15,0.1,euclidean,201.0
352,eom,euclidean,15,17,45,0.1,cosine,202.0
210,eom,euclidean,15,20,45,0.1,cosine,202.0
334,leaf,euclidean,25,7,25,0.1,euclidean,203.0
533,eom,euclidean,20,5,20,0.1,euclidean,204.0
195,leaf,euclidean,25,9,25,0.1,cosine,205.0
531,leaf,euclidean,20,5,45,0.1,euclidean,206.0
252,eom,euclidean,25,13,10,0.1,euclidean,209.0
279,eom,euclidean,25,3,5,0.1,euclidean,211.0
40,leaf,euclidean,25,20,25,0.05,cosine,213.0
566,leaf,euclidean,20,5,40,0.1,euclidean,214.0
438,eom,euclidean,25,9,10,0.1,cosine,214.0
232,leaf,euclidean,25,20,25,0.1,euclidean,215.0
549,leaf,euclidean,20,5,45,0.1,euclidean,215.0
31,leaf,euclidean,25,20,20,0.1,euclidean,216.0
173,leaf,euclidean,25,20,20,0.1,cosine,219.0
574,leaf,euclidean,20,5,40,0.05,euclidean,225.0
534,eom,euclidean,20,5,15,0.1,cosine,226.0
373,eom,euclidean,15,3,25,0.1,cosine,227.0
26,leaf,euclidean,20,7,40,0.1,euclidean,228.0
558,leaf,euclidean,20,5,40,0.05,euclidean,232.0
22,eom,euclidean,15,17,25,0.1,euclidean,232.0
325,eom,euclidean,20,5,15,0.1,cosine,233.0
440,eom,euclidean,25,20,5,0.1,cosine,234.0
205,eom,euclidean,25,7,5,0.1,euclidean,235.0
32,eom,euclidean,20,9,5,0.15,euclidean,235.0
183,eom,euclidean,15,13,25,0.05,cosine,239.0
538,eom,euclidean,20,5,10,0.1,euclidean,239.0
254,eom,euclidean,25,13,5,0.1,euclidean,240.0
64,eom,euclidean,15,5,25,0.1,cosine,240.0
124,eom,euclidean,20,9,10,0.1,cosine,242.0
129,eom,euclidean,15,17,20,0.1,cosine,243.0
46,leaf,euclidean,20,5,10,0.15,cosine,244.0
49,leaf,euclidean,25,13,15,0.1,cosine,245.0
395,eom,euclidean,20,13,10,0.1,euclidean,246.0
33,eom,euclidean,20,20,10,0.05,euclidean,246.0
128,eom,euclidean,10,13,55,0.15,cosine,246.0
172,eom,euclidean,10,13,55,0.15,cosine,247.0
286,leaf,euclidean,25,17,15,0.1,cosine,248.0
119,eom,euclidean,15,17,20,0.1,cosine,251.0
313,leaf,euclidean,25,9,15,0.05,euclidean,251.0
199,eom,euclidean,10,9,45,0.15,euclidean,251.0
256,leaf,euclidean,15,7,25,0.15,cosine,252.0
218,eom,euclidean,25,9,5,0.1,cosine,258.0
125,eom,euclidean,25,5,5,0.1,cosine,262.0
340,eom,euclidean,10,9,45,0.15,cosine,262.0
540,leaf,euclidean,20,5,5,0.15,euclidean,263.0
468,eom,euclidean,25,20,5,0.1,euclidean,268.0
135,eom,euclidean,10,3,40,0.1,cosine,269.0
54,leaf,euclidean,20,13,5,0.15,cosine,269.0
66,leaf,euclidean,20,23,25,0.1,euclidean,270.0
525,eom,euclidean,25,9,5,0.1,cosine,273.0
42,leaf,euclidean,20,9,25,0.1,euclidean,273.0
10,leaf,euclidean,20,23,5,0.15,euclidean,277.0
56,leaf,euclidean,20,17,25,0.05,euclidean,279.0
426,eom,euclidean,25,20,5,0.1,cosine,280.0
380,eom,euclidean,10,17,40,0.15,cosine,280.0
357,eom,euclidean,25,20,5,0.1,euclidean,281.0
319,eom,euclidean,25,5,5,0.1,cosine,283.0
157,eom,euclidean,25,7,5,0.1,cosine,284.0
24,eom,euclidean,10,7,55,0.15,cosine,286.0
497,eom,euclidean,25,9,5,0.1,euclidean,286.0
27,leaf,euclidean,15,23,20,0.15,euclidean,291.0
322,eom,euclidean,15,5,20,0.1,cosine,292.0
392,eom,euclidean,15,9,15,0.1,cosine,293.0
400,eom,euclidean,10,3,45,0.1,euclidean,294.0
136,eom,euclidean,25,5,5,0.1,cosine,295.0
478,eom,euclidean,15,5,15,0.1,euclidean,301.0
201,leaf,euclidean,15,9,45,0.1,cosine,303.0
68,leaf,euclidean,20,17,20,0.05,euclidean,305.0
454,eom,euclidean,25,20,5,0.05,euclidean,307.0
434,leaf,euclidean,15,9,45,0.1,euclidean,309.0
110,eom,euclidean,15,13,15,0.1,cosine,310.0
5,leaf,euclidean,15,7,15,0.15,euclidean,313.0
181,eom,euclidean,10,7,45,0.1,euclidean,313.0
220,leaf,euclidean,15,13,45,0.1,cosine,314.0
309,eom,euclidean,10,20,45,0.1,cosine,315.0
390,eom,euclidean,10,9,45,0.1,cosine,317.0
238,leaf,euclidean,15,20,40,0.1,euclidean,318.0
250,leaf,euclidean,20,13,15,0.1,euclidean,320.0
499,eom,euclidean,10,13,45,0.1,cosine,321.0
521,eom,euclidean,10,17,40,0.1,euclidean,331.0
246,eom,euclidean,10,13,45,0.1,euclidean,331.0
280,eom,euclidean,10,7,45,0.1,cosine,331.0
476,eom,euclidean,10,9,45,0.1,euclidean,333.0
122,eom,euclidean,10,9,40,0.1,cosine,336.0
487,eom,euclidean,10,9,45,0.1,cosine,336.0
453,eom,euclidean,10,23,45,0.1,cosine,338.0
301,eom,euclidean,15,23,10,0.1,euclidean,343.0
190,eom,euclidean,10,5,40,0.05,cosine,344.0
255,eom,euclidean,10,13,45,0.05,euclidean,345.0
432,eom,euclidean,10,20,45,0.1,cosine,347.0
342,eom,euclidean,15,5,10,0.1,euclidean,349.0
16,eom,euclidean,15,17,5,0.15,euclidean,355.0
482,leaf,euclidean,25,23,5,0.1,cosine,356.0
168,eom,euclidean,20,9,5,0.1,cosine,356.0
384,leaf,euclidean,25,5,5,0.1,euclidean,360.0
355,leaf,euclidean,20,23,10,0.1,cosine,360.0
217,eom,euclidean,10,7,45,0.1,euclidean,362.0
382,eom,euclidean,15,9,10,0.1,cosine,364.0
424,eom,euclidean,15,9,10,0.1,cosine,373.0
523,eom,euclidean,15,23,10,0.1,cosine,376.0
117,eom,euclidean,20,9,5,0.1,cosine,382.0
21,eom,euclidean,10,17,45,0.1,cosine,383.0
304,eom,euclidean,20,5,5,0.1,euclidean,385.0
38,leaf,euclidean,10,3,40,0.1,euclidean,386.0
73,leaf,euclidean,15,3,25,0.05,cosine,389.0
192,eom,euclidean,15,9,5,0.15,cosine,392.0
345,eom,euclidean,20,20,5,0.1,euclidean,394.0
360,eom,euclidean,10,13,45,0.1,euclidean,412.0
74,leaf,euclidean,15,9,25,0.05,euclidean,412.0
23,eom,euclidean,10,23,25,0.1,cosine,419.0
8,leaf,euclidean,10,17,25,0.15,cosine,431.0
350,eom,euclidean,10,5,20,0.1,cosine,441.0
490,leaf,euclidean,15,9,20,0.05,cosine,443.0
36,leaf,euclidean,15,23,20,0.05,cosine,443.0
80,leaf,euclidean,10,9,20,0.15,euclidean,445.0
53,eom,euclidean,10,3,45,0.05,cosine,458.0
320,leaf,euclidean,10,5,45,0.1,cosine,476.0
44,eom,euclidean,10,5,25,0.05,cosine,481.0
442,leaf,euclidean,10,5,45,0.1,cosine,487.0
76,leaf,euclidean,15,5,15,0.05,euclidean,489.0
236,eom,euclidean,10,3,15,0.1,euclidean,500.0
3,leaf,euclidean,10,5,40,0.1,cosine,520.0
299,leaf,euclidean,10,13,15,0.15,euclidean,524.0
164,eom,euclidean,10,23,15,0.1,cosine,532.0
143,eom,euclidean,10,20,15,0.05,cosine,539.0
4,leaf,euclidean,15,3,10,0.05,euclidean,541.0
18,leaf,euclidean,15,17,10,0.05,euclidean,557.0
28,leaf,euclidean,10,7,40,0.05,euclidean,574.0
229,eom,euclidean,15,20,5,0.1,euclidean,576.0
1,eom,euclidean,10,7,15,0.1,cosine,584.0
512,eom,euclidean,15,5,5,0.1,cosine,585.0
292,leaf,euclidean,15,3,5,0.1,euclidean,586.0
466,leaf,euclidean,10,23,10,0.15,cosine,592.0
208,leaf,euclidean,10,13,25,0.1,cosine,606.0
13,eom,euclidean,5,5,40,0.15,euclidean,607.0
235,eom,euclidean,5,23,45,0.15,euclidean,637.0
67,leaf,euclidean,10,7,20,0.1,euclidean,650.0
348,eom,euclidean,5,20,45,0.15,euclidean,667.0
17,leaf,euclidean,10,23,25,0.05,euclidean,672.0
25,leaf,euclidean,10,23,25,0.05,cosine,678.0
65,eom,euclidean,5,20,40,0.15,euclidean,678.0
329,eom,euclidean,10,3,10,0.05,euclidean,732.0
289,eom,euclidean,10,20,10,0.05,euclidean,742.0
509,eom,euclidean,10,23,10,0.05,cosine,750.0
227,eom,euclidean,10,20,10,0.1,euclidean,752.0
15,leaf,euclidean,5,5,45,0.15,euclidean,773.0
61,leaf,euclidean,10,5,15,0.05,euclidean,778.0
58,leaf,euclidean,5,7,55,0.15,cosine,778.0
39,leaf,euclidean,5,3,15,0.15,cosine,883.0
47,leaf,euclidean,5,20,40,0.15,cosine,918.0
79,leaf,euclidean,10,5,10,0.05,euclidean,950.0
207,eom,euclidean,5,9,55,0.1,cosine,958.0
318,eom,euclidean,5,5,45,0.1,euclidean,958.0
370,leaf,euclidean,10,9,10,0.05,cosine,965.0
142,eom,euclidean,5,23,45,0.1,cosine,969.0
486,eom,euclidean,5,3,45,0.1,euclidean,970.0
278,eom,euclidean,5,5,45,0.1,cosine,978.0
452,eom,euclidean,5,9,40,0.1,euclidean,980.0
198,eom,euclidean,5,20,45,0.1,cosine,984.0
225,eom,euclidean,5,20,45,0.1,euclidean,987.0
121,eom,euclidean,5,23,45,0.1,cosine,993.0
518,eom,euclidean,5,9,45,0.1,euclidean,1010.0
298,eom,euclidean,5,17,45,0.1,cosine,1015.0
430,eom,euclidean,5,13,45,0.1,cosine,1016.0
507,eom,euclidean,5,17,40,0.1,cosine,1019.0
328,eom,euclidean,5,5,40,0.1,cosine,1021.0
496,eom,euclidean,5,20,45,0.1,cosine,1022.0
288,eom,euclidean,5,23,40,0.1,cosine,1028.0
441,eom,euclidean,5,9,45,0.1,euclidean,1076.0
358,eom,euclidean,5,3,45,0.1,euclidean,1077.0
308,eom,euclidean,5,9,55,0.1,euclidean,1086.0
127,eom,euclidean,5,9,45,0.1,cosine,1141.0
171,eom,euclidean,5,9,25,0.1,cosine,1181.0
48,leaf,euclidean,5,9,20,0.15,euclidean,1202.0
30,leaf,euclidean,5,20,20,0.15,cosine,1209.0
57,leaf,euclidean,10,23,5,0.1,euclidean,1218.0
69,leaf,euclidean,10,5,5,0.1,cosine,1222.0
399,eom,euclidean,5,5,25,0.1,euclidean,1277.0
389,eom,euclidean,5,20,20,0.1,cosine,1290.0
162,eom,euclidean,5,9,20,0.1,cosine,1303.0
75,eom,euclidean,5,5,55,0.05,cosine,1306.0
19,leaf,euclidean,5,13,15,0.15,cosine,1350.0
71,leaf,euclidean,10,7,5,0.05,cosine,1360.0
474,leaf,euclidean,5,7,45,0.1,cosine,1408.0
189,leaf,euclidean,5,9,45,0.1,cosine,1417.0
20,leaf,euclidean,5,23,40,0.1,cosine,1509.0
6,eom,euclidean,5,17,15,0.1,euclidean,1593.0
339,eom,euclidean,5,17,15,0.1,cosine,1653.0
244,leaf,euclidean,5,17,25,0.1,euclidean,1672.0
463,eom,euclidean,5,5,15,0.05,cosine,1686.0
52,leaf,euclidean,5,20,40,0.05,euclidean,1762.0
378,eom,euclidean,5,9,15,0.05,euclidean,1767.0
70,eom,euclidean,5,17,5,0.15,euclidean,1866.0
0,eom,euclidean,5,7,10,0.1,euclidean,1888.0
134,eom,euclidean,5,9,10,0.1,cosine,1908.0
55,eom,euclidean,5,20,10,0.05,cosine,2103.0
41,leaf,euclidean,5,7,5,0.15,euclidean,2119.0
51,leaf,euclidean,5,13,5,0.15,cosine,2183.0
43,leaf,euclidean,5,7,10,0.05,cosine,2594.0
369,eom,euclidean,5,20,5,0.1,cosine,2783.0
180,eom,euclidean,5,9,5,0.1,cosine,2836.0
9,eom,euclidean,5,23,5,0.1,cosine,2877.0
2,eom,euclidean,5,17,5,0.05,euclidean,3125.0
83,eom,euclidean,25,13,45,0.1,euclidean,9999.0
